Id	Source	Target	Developer Note	Max Length	Comment	Xliff Generator Note	NAB AL Tool Refresh Xlf	State	State Qualifier
Table 331772574 - Property 2879900210	Archive Document Quality Header					Table Archive Document Qlty Header - Property Caption	New translation.		
Table 331772574 - Field 711246786 - Property 2879900210	Cast No. Vendor					Table Archive Document Qlty Header - Field Cast No. Vendor - Property Caption	New translation.		
Table 331772574 - Field 1608463932 - Property 2879900210	Composition Quality Code					Table Archive Document Qlty Header - Field Composition Quality Code - Property Caption	New translation.		
Table 331772574 - Field 1407200743 - Property 2879900210	Creation Date					Table Archive Document Qlty Header - Field Creation Date - Property Caption	New translation.		
Table 331772574 - Field 3461834954 - Property 2879900210	Description					Table Archive Document Qlty Header - Field Description - Property Caption	New translation.		
Table 331772574 - Field 486908828 - Property 2879900210	Document No.					Table Archive Document Qlty Header - Field Document No. - Property Caption	New translation.		
Table 331772574 - Field 568743302 - Property 2879900210	Item No.					Table Archive Document Qlty Header - Field Item No. - Property Caption	New translation.		
Table 331772574 - Field 2846309017 - Property 2879900210	Legal Normative Code					Table Archive Document Qlty Header - Field Legal Normative Code - Property Caption	New translation.		
Table 331772574 - Field 1509038407 - Property 2879900210	Link - Source ID					Table Archive Document Qlty Header - Field Link - Source ID - Property Caption	New translation.		
Table 331772574 - Field 374199100 - Property 2879900210	Link - Source Type					Table Archive Document Qlty Header - Field Link - Source Type - Property Caption	New translation.		
Table 331772574 - Field 374199100 - Property 62802879	,Sales Order,Purchase Order					Table Archive Document Qlty Header - Field Link - Source Type - Property OptionCaption	New translation.		
Table 331772574 - Field 1351594800 - Property 2879900210	No. Series					Table Archive Document Qlty Header - Field No. Series - Property Caption	New translation.		
Table 331772574 - Field 1441826626 - Property 2879900210	Raw Materials Group Code					Table Archive Document Qlty Header - Field Raw Materials Group Code - Property Caption	New translation.		
Table 331772574 - Field 3201609449 - Property 2879900210	Sales Shipment No.					Table Archive Document Qlty Header - Field Sales Shipment No. - Property Caption	New translation.		
Table 331772574 - Field 345314420 - Property 2879900210	Source ID					Table Archive Document Qlty Header - Field Source ID - Property Caption	New translation.		
Table 331772574 - Field 627063663 - Property 2879900210	Source Ref. No.					Table Archive Document Qlty Header - Field Source Ref. No. - Property Caption	New translation.		
Table 331772574 - Field 1753214751 - Property 2879900210	Source Type					Table Archive Document Qlty Header - Field Source Type - Property Caption	New translation.		
Table 331772574 - Field 1753214751 - Property 62802879	,Sales Order,Purchase Order					Table Archive Document Qlty Header - Field Source Type - Property OptionCaption	New translation.		
Table 331772574 - Field 513339096 - Property 2879900210	Status					Table Archive Document Qlty Header - Field Status - Property Caption	New translation.		
Table 3463698757 - Property 2879900210	Archive Document Quality Line					Table Archive Document Qlty Line - Property Caption	New translation.		
Table 3463698757 - Field 711246786 - Property 2879900210	Cast No. Vendor					Table Archive Document Qlty Line - Field Cast No. Vendor - Property Caption	New translation.		
Table 3463698757 - Field 1608463932 - Property 2879900210	Composition Quality Code					Table Archive Document Qlty Line - Field Composition Quality Code - Property Caption	New translation.		
Table 3463698757 - Field 3461834954 - Property 2879900210	Description					Table Archive Document Qlty Line - Field Description - Property Caption	New translation.		
Table 3463698757 - Field 486908828 - Property 2879900210	Document No.					Table Archive Document Qlty Line - Field Document No. - Property Caption	New translation.		
Table 3463698757 - Field 568743302 - Property 2879900210	Item No.					Table Archive Document Qlty Line - Field Item No. - Property Caption	New translation.		
Table 3463698757 - Field 2846309017 - Property 2879900210	Legal Normative Code					Table Archive Document Qlty Line - Field Legal Normative Code - Property Caption	New translation.		
Table 3463698757 - Field 3320823955 - Property 2879900210	Line No.					Table Archive Document Qlty Line - Field Line No. - Property Caption	New translation.		
Table 3463698757 - Field 1509038407 - Property 2879900210	Link - Source ID					Table Archive Document Qlty Line - Field Link - Source ID - Property Caption	New translation.		
Table 3463698757 - Field 374199100 - Property 2879900210	Link - Source Type					Table Archive Document Qlty Line - Field Link - Source Type - Property Caption	New translation.		
Table 3463698757 - Field 374199100 - Property 62802879	,Sales Order,Purchase Order					Table Archive Document Qlty Line - Field Link - Source Type - Property OptionCaption	New translation.		
Table 3463698757 - Field 1482668068 - Property 2879900210	Lot No.					Table Archive Document Qlty Line - Field Lot No. - Property Caption	New translation.		
Table 3463698757 - Field 3346356419 - Property 2879900210	Max. Value					Table Archive Document Qlty Line - Field Max. Value - Property Caption	New translation.		
Table 3463698757 - Field 2021910041 - Property 2879900210	Min. Value					Table Archive Document Qlty Line - Field Min. Value - Property Caption	New translation.		
Table 3463698757 - Field 4240543679 - Property 2879900210	Package No.					Table Archive Document Qlty Line - Field Package No. - Property Caption	New translation.		
Table 3463698757 - Field 1056804591 - Property 2879900210	Qlty Measure Code					Table Archive Document Qlty Line - Field Qlty Measure Code - Property Caption	New translation.		
Table 3463698757 - Field 3954845702 - Property 2879900210	Qlty Measure Group Code					Table Archive Document Qlty Line - Field Qlty Measure Group Code - Property Caption	New translation.		
Table 3463698757 - Field 1441826626 - Property 2879900210	Raw Materials Group Code					Table Archive Document Qlty Line - Field Raw Materials Group Code - Property Caption	New translation.		
Table 3463698757 - Field 513339096 - Property 2879900210	Status					Table Archive Document Qlty Line - Field Status - Property Caption	New translation.		
Table 3463698757 - Field 1131619133 - Property 2879900210	Value					Table Archive Document Qlty Line - Field Value - Property Caption	New translation.		
Table 3463698757 - Field 3450651614 - Property 2879900210	Variant Code					Table Archive Document Qlty Line - Field Variant Code - Property Caption	New translation.		
Table 399706401 - Property 2879900210	Comment composition quality header					Table Comment Compos. Qlty Header - Property Caption	New translation.		
Table 399706401 - Field 3004954119 - Property 2879900210	Code					Table Comment Compos. Qlty Header - Field Code - Property Caption	New translation.		
Table 399706401 - Field 2790486453 - Property 2879900210	Comment					Table Comment Compos. Qlty Header - Field Comment - Property Caption	New translation.		
Table 399706401 - Field 1608463932 - Property 2879900210	No.					Table Comment Compos. Qlty Header - Field Composition Quality Code - Property Caption	New translation.		
Table 399706401 - Field 3192175264 - Property 2879900210	Date					Table Comment Compos. Qlty Header - Field Date - Property Caption	New translation.		
Table 399706401 - Field 3320823955 - Property 2879900210	Line No.					Table Comment Compos. Qlty Header - Field Line No. - Property Caption	New translation.		
Table 3432403750 - Property 2879900210	Composition Quality Header					Table Composition Quality Header - Property Caption	New translation.		
Table 3432403750 - Field 3004954119 - Property 2879900210	Code					Table Composition Quality Header - Field Code - Property Caption	New translation.		
Table 3432403750 - Field 3461834954 - Property 2879900210	Description					Table Composition Quality Header - Field Description - Property Caption	New translation.		
Table 3432403750 - Field 2846309017 - Property 2879900210	Legal Normative Code					Table Composition Quality Header - Field Legal Normative Code - Property Caption	New translation.		
Table 3432403750 - Field 1441826626 - Property 2879900210	Raw Materials Group Code					Table Composition Quality Header - Field Raw Materials Group Code - Property Caption	New translation.		
Table 3432403750 - Field 513339096 - Property 2879900210	Status					Table Composition Quality Header - Field Status - Property Caption	New translation.		
Table 2603177837 - Property 2879900210	Composition Quality Line					Table Composition Quality Line - Property Caption	New translation.		
Table 2603177837 - Field 1608463932 - Property 2879900210	Composition Quality Code					Table Composition Quality Line - Field Composition Quality Code - Property Caption	New translation.		
Table 2603177837 - Field 4190130733 - Property 2879900210	Customer No.					Table Composition Quality Line - Field Customer No. - Property Caption	New translation.		
Table 2603177837 - Field 3461834954 - Property 2879900210	Description					Table Composition Quality Line - Field Description - Property Caption	New translation.		
Table 2603177837 - Field 3320823955 - Property 2879900210	Line No.					Table Composition Quality Line - Field Line No. - Property Caption	New translation.		
Table 2603177837 - Field 3346356419 - Property 2879900210	Max. Value					Table Composition Quality Line - Field Max. Value - Property Caption	New translation.		
Table 2603177837 - Field 2021910041 - Property 2879900210	Min. Value					Table Composition Quality Line - Field Min. Value - Property Caption	New translation.		
Table 2603177837 - Field 1056804591 - Property 2879900210	Qlty Measure Code					Table Composition Quality Line - Field Qlty Measure Code - Property Caption	New translation.		
Table 2603177837 - Field 3954845702 - Property 2879900210	Qlty Measure Group Code					Table Composition Quality Line - Field Qlty Measure Group Code - Property Caption	New translation.		
Table 882149755 - Property 2879900210	Movimientos de valores de calidad					Table Quality Compos. Value Entry - Property Caption	New translation.		
Table 882149755 - Field 4120197227 - Property 2879900210	Changed By					Table Quality Compos. Value Entry - Field Changed By - Property Caption	New translation.		
Table 882149755 - Field 2369664869 - Property 2879900210	Created By					Table Quality Compos. Value Entry - Field Created By - Property Caption	New translation.		
Table 882149755 - Field 1407200743 - Property 2879900210	Creation Date					Table Quality Compos. Value Entry - Field Creation Date - Property Caption	New translation.		
Table 882149755 - Field 3461834954 - Property 2879900210	Description					Table Quality Compos. Value Entry - Field Description - Property Caption	New translation.		
Table 882149755 - Field 883711285 - Property 2879900210	Entry No.					Table Quality Compos. Value Entry - Field Entry No. - Property Caption	New translation.		
Table 882149755 - Field 568743302 - Property 2879900210	Item No.					Table Quality Compos. Value Entry - Field Item No. - Property Caption	New translation.		
Table 882149755 - Field 1482668068 - Property 2879900210	Lot No.					Table Quality Compos. Value Entry - Field Lot No. - Property Caption	New translation.		
Table 882149755 - Field 3346356419 - Property 2879900210	Max. Value					Table Quality Compos. Value Entry - Field Max. Value - Property Caption	New translation.		
Table 882149755 - Field 2021910041 - Property 2879900210	Min. Value					Table Quality Compos. Value Entry - Field Min. Value - Property Caption	New translation.		
Table 882149755 - Field 4240543679 - Property 2879900210	Package No.					Table Quality Compos. Value Entry - Field Package No. - Property Caption	New translation.		
Table 882149755 - Field 1056804591 - Property 2879900210	Qlty Measure Code					Table Quality Compos. Value Entry - Field Qlty Measure Code - Property Caption	New translation.		
Table 882149755 - Field 3954845702 - Property 2879900210	Qlty Measure Group Code					Table Quality Compos. Value Entry - Field Qlty Measure Group Code - Property Caption	New translation.		
Table 882149755 - Field 1251542347 - Property 2879900210	Quality Status					Table Quality Compos. Value Entry - Field Quality Status - Property Caption	New translation.		
Table 882149755 - Field 3263329074 - Property 2879900210	Source Batch Name					Table Quality Compos. Value Entry - Field Source Batch Name - Property Caption	New translation.		
Table 882149755 - Field 345314420 - Property 2879900210	Source ID					Table Quality Compos. Value Entry - Field Source ID - Property Caption	New translation.		
Table 882149755 - Field 370558406 - Property 2879900210	Source Prod. Order Line					Table Quality Compos. Value Entry - Field Source Prod. Order Line - Property Caption	New translation.		
Table 882149755 - Field 627063663 - Property 2879900210	Source Ref. No.					Table Quality Compos. Value Entry - Field Source Ref. No. - Property Caption	New translation.		
Table 882149755 - Field 1753214751 - Property 2879900210	Source Type					Table Quality Compos. Value Entry - Field Source Type - Property Caption	New translation.		
Table 882149755 - Field 1753214751 - Property 62802879	,Sales Order,Purchase Order					Table Quality Compos. Value Entry - Field Source Type - Property OptionCaption	New translation.		
Table 882149755 - Field 1131619133 - Property 2879900210	Value					Table Quality Compos. Value Entry - Field Value - Property Caption	New translation.		
Table 882149755 - Field 3450651614 - Property 2879900210	Variant Code					Table Quality Compos. Value Entry - Field Variant Code - Property Caption	New translation.		
Table 639751074 - Property 2879900210	Quality Cue					Table Quality Cue - Property Caption	New translation.		
Table 639751074 - Field 39344658 - Property 2879900210	Comp. Qlty - Open					Table Quality Cue - Field Comp. Qlty - Open - Property Caption	New translation.		
Table 639751074 - Field 3005676566 - Property 2879900210	Comp. Qlty - Pending Approval					Table Quality Cue - Field Comp. Qlty - Pending Approval - Property Caption	New translation.		
Table 639751074 - Field 1663593181 - Property 2879900210	Primary Key					Table Quality Cue - Field Primary Key - Property Caption	New translation.		
Table 639751074 - Field 174838176 - Property 2879900210	Purch Document - Open Qlty.					Table Quality Cue - Field Purch Document - Open Qlty. - Property Caption	New translation.		
Table 639751074 - Field 1297587313 - Property 2879900210	Purch Document - Pending Qlty.					Table Quality Cue - Field Purch Document - Pending Qlty. - Property Caption	New translation.		
Table 639751074 - Field 3455024340 - Property 2879900210	Sales Document - Open Qlty.					Table Quality Cue - Field Sales Document - Open Qlty. - Property Caption	New translation.		
Table 639751074 - Field 30398213 - Property 2879900210	Sales Document - Pending Qlty.					Table Quality Cue - Field Sales Document - Pending Qlty. - Property Caption	New translation.		
Table 3375502678 - Property 2879900210	Quality Cue					Table Quality Measure Group - Property Caption	New translation.		
Table 3375502678 - Field 3004954119 - Property 2879900210	Code					Table Quality Measure Group - Field Code - Property Caption	New translation.		
Table 3375502678 - Field 3461834954 - Property 2879900210	Description					Table Quality Measure Group - Field Description - Property Caption	New translation.		
Table 3502056030 - Property 2879900210	Quality Setup					Table Quality Setup - Property Caption	New translation.		
Table 3502056030 - Field 2102368575 - Property 2879900210	Archive Compos. Quality Nos.					Table Quality Setup - Field Archive Doc. Quality Nos. - Property Caption	New translation.		
Table 3502056030 - Field 3004954119 - Property 2879900210	Code					Table Quality Setup - Field Code - Property Caption	New translation.		
Table 3502056030 - Field 829201974 - Property 2879900210	Full Name Quality Manager					Table Quality Setup - Field Full Name Quality Manager - Property Caption	New translation.		
Table 3502056030 - Field 827325613 - Property 2879900210	Logo Certification					Table Quality Setup - Field Logo Certification - Property Caption	New translation.		
Table 3502056030 - Field 298034456 - Property 2879900210	User Id. Quality Manager					Table Quality Setup - Field User Id. Quality Manager - Property Caption	New translation.		
Page 331772574 - Property 2879900210	Archive Document Quality Header					Page Archive Document Qlty Header - Property Caption	New translation.		
Page 331772574 - Control 2445482498 - Property 2879900210	General					Page Archive Document Qlty Header - Control General - Property Caption	New translation.		
Page 331772574 - Control 1911147233 - Property 2879900210	Link Document					Page Archive Document Qlty Header - Control LinkDocument - Property Caption	New translation.		
Page 331772574 - Control 3873595854 - Property 2879900210	Source Document					Page Archive Document Qlty Header - Control SourceDocument - Property Caption	New translation.		
Page 331772574 - Action 424208938 - Property 2879900210	Action50184					Page Archive Document Qlty Header - Action Action50184 - Property Caption	New translation.		
Page 331772574 - Action 3194075647 - Property 2879900210	Init Document					Page Archive Document Qlty Header - Action Init Document - Property Caption	New translation.		
Page 331772574 - Action 548367981 - Property 2879900210	Post Value					Page Archive Document Qlty Header - Action PostValue - Property Caption	New translation.		
Page 2634128075 - Property 2879900210	Archive Document Qlty Headers					Page Archive Document Qlty Headers - Property Caption	New translation.		
Page 2634128075 - Control 739346273 - Property 2879900210	General					Page Archive Document Qlty Headers - Control Group - Property Caption	New translation.		
Page 2634128075 - Action 424208938 - Property 2879900210	Action50184					Page Archive Document Qlty Headers - Action Action50184 - Property Caption	New translation.		
Page 4186505985 - Property 2879900210	Lines					Page Archive Document Qlty Subform - Property Caption	New translation.		
Page 4186505985 - Control 739346273 - Property 2879900210	General					Page Archive Document Qlty Subform - Control Group - Property Caption	New translation.		
Page 183101840 - Property 2879900210	Composition Quality					Page Comment Compo. Qlty Header - Property Caption	New translation.		
Page 183101840 - Control 2790486453 - Property 1295455071	Specifies the comment itself.					Page Comment Compo. Qlty Header - Control Comment - Property ToolTip	New translation.		
Page 183101840 - Control 3192175264 - Property 1295455071	Specifies the date the comment was created.					Page Comment Compo. Qlty Header - Control Date - Property ToolTip	New translation.		
Page 183101840 - Action 424208938 - Property 2879900210	Action50184					Page Comment Compo. Qlty Header - Action Action50184 - Property Caption	New translation.		
Page 3432403750 - Property 2879900210	Composition Quality					Page Composition Quality Header - Property Caption	New translation.		
Page 3432403750 - Control 2445482498 - Property 2879900210	General					Page Composition Quality Header - Control General - Property Caption	New translation.		
Page 3432403750 - Action 3000180178 - Property 1295455071	View or add comments for the record.					Page Composition Quality Header - Action Co&mments - Property ToolTip	New translation.		
Page 3432403750 - Action 3000180178 - Property 2879900210	Co&mments					Page Composition Quality Header - Action Co&mments - Property Caption	New translation.		
Page 3432403750 - Action 437337540 - Property 1295455071	Load quality measures					Page Composition Quality Header - Action Load quality measures - Property ToolTip	New translation.		
Page 3432403750 - Action 437337540 - Property 2879900210	Load quality measures					Page Composition Quality Header - Action Load quality measures - Property Caption	New translation.		
Page 2886088051 - Property 2879900210	Composition Quality					Page Composition Quality Headers - Property Caption	New translation.		
Page 2886088051 - Control 739346273 - Property 2879900210	General					Page Composition Quality Headers - Control Group - Property Caption	New translation.		
Page 2886088051 - Action 424208938 - Property 2879900210	Action50184					Page Composition Quality Headers - Action Action50184 - Property Caption	New translation.		
Page 2886088051 - Action 3000180178 - Property 1295455071	View or add comments for the record.					Page Composition Quality Headers - Action Co&mments - Property ToolTip	New translation.		
Page 2886088051 - Action 3000180178 - Property 2879900210	Co&mments					Page Composition Quality Headers - Action Co&mments - Property Caption	New translation.		
Page 805688089 - Property 2879900210	Lines					Page Composition Quality Subform - Property Caption	New translation.		
Page 4231056254 - Property 2879900210	Create Incident					Page Create Incident - Property Caption	New translation.		
Page 4231056254 - Control 3192175264 - Property 1295455071	Specifies the value of the Date field					Page Create Incident - Control Date - Property ToolTip	New translation.		
Page 4231056254 - Control 1312499801 - Property 1295455071	Specifies the value of the Interaction Template Code field					Page Create Incident - Control Interaction Template Code - Property ToolTip	New translation.		
Page 4231056254 - Control 4286075827 - Property 1295455071	Specifies the value of the potencial solución field					Page Create Incident - Control Proposed solution - Property ToolTip	New translation.		
Page 4231056254 - Control 2378863201 - Property 1295455071	Specifies the value of the Contact Name field					Page Create Incident - Control Contact Name - Property ToolTip	New translation.		
Page 4231056254 - Control 202036913 - Property 1295455071	Specifies the value of the Contact No. field					Page Create Incident - Control Contact No. - Property ToolTip	New translation.		
Page 4231056254 - Control 2070365044 - Property 2879900210	Specifiec the value of theDepartament Code field					Page Create Incident - Control Departament Code - Property Caption	New translation.		
Page 4231056254 - Control 3461834954 - Property 1295455071	Specifies the value of the Description field					Page Create Incident - Control Description - Property ToolTip	New translation.		
Page 4231056254 - Control 1007358516 - Property 1295455071	Specifies the value of the Description incidencia field					Page Create Incident - Control Description Incident - Property ToolTip	New translation.		
Page 4231056254 - Control 486908828 - Property 1295455071	Specifies the value of the Document No. field					Page Create Incident - Control Document No. - Property ToolTip	New translation.		
Page 4231056254 - Control 3337557211 - Property 1295455071	Specifies the value of the Incident No. field					Page Create Incident - Control Incident No. - Property ToolTip	New translation.		
Page 4231056254 - Control 3081911211 - Property 2879900210	Specifiec the value of the Responsible Code field					Page Create Incident - Control Responsible Code - Property Caption	New translation.		
Page 4231056254 - Control 2107171397 - Property 2879900210	Specifiec the value of the Responsible Name field					Page Create Incident - Control Responsible Name - Property Caption	New translation.		
Page 4231056254 - Control 553464652 - Property 1295455071	Specifies the value of the Salesperson Code field					Page Create Incident - Control Salesperson Code - Property ToolTip	New translation.		
Page 4231056254 - Control 513339096 - Property 2879900210	Specifiec the value of the Status field					Page Create Incident - Control Status - Property Caption	New translation.		
Page 882149755 - Property 2879900210	Quality Composition Value Entry.al					Page Quality Compos. Value Entry - Property Caption	New translation.		
Page 882149755 - NamedType 2287364172	Cancel reservation of %1 of item number %2, reserved for %3 from %4?					Page Quality Compos. Value Entry - NamedType CancelReservationQst	New translation.		
Page 882149755 - Control 1407200743 - Property 1295455071	Specifies the date on which the entry was created.					Page Quality Compos. Value Entry - Control Creation Date - Property ToolTip	New translation.		
Page 882149755 - Control 3461834954 - Property 1295455071	Specifies a description of the reservation entry.					Page Quality Compos. Value Entry - Control Description - Property ToolTip	New translation.		
Page 882149755 - Control 883711285 - Property 1295455071	Specifies the number of the entry, as assigned from the specified number series when the entry was created.					Page Quality Compos. Value Entry - Control Entry No. - Property ToolTip	New translation.		
Page 882149755 - Control 568743302 - Property 1295455071	Specifies the number of the item that has been reserved in this entry.					Page Quality Compos. Value Entry - Control Item No. - Property ToolTip	New translation.		
Page 882149755 - Control 1482668068 - Property 1295455071	Specifies the lot number of the item that is being handled with the associated document line.					Page Quality Compos. Value Entry - Control Lot No. - Property ToolTip	New translation.		
Page 882149755 - Control 3346356419 - Property 1295455071						Page Quality Compos. Value Entry - Control Max. Value - Property ToolTip	Source contains only white-space, consider using 'Locked = true' to avoid translation of unnecessary texts. This note can be toggled with the setting 'NAB.PreferLockedTranslations'.		
Page 882149755 - Control 2021910041 - Property 1295455071						Page Quality Compos. Value Entry - Control Min. Value - Property ToolTip	Source contains only white-space, consider using 'Locked = true' to avoid translation of unnecessary texts. This note can be toggled with the setting 'NAB.PreferLockedTranslations'.		
Page 882149755 - Control 4240543679 - Property 1295455071	Specifies the package number of the item that is being handled with the associated document line.					Page Quality Compos. Value Entry - Control Package No. - Property ToolTip	New translation.		
Page 882149755 - Control 1251542347 - Property 1295455071	Specifies the status of the reservation.					Page Quality Compos. Value Entry - Control Quality Status - Property ToolTip	New translation.		
Page 882149755 - Control 3263329074 - Property 1295455071	Specifies the journal batch name if the reservation entry is related to a journal or requisition line.					Page Quality Compos. Value Entry - Control Source Batch Name - Property ToolTip	New translation.		
Page 882149755 - Control 345314420 - Property 1295455071	Specifies which source ID the reservation entry is related to.					Page Quality Compos. Value Entry - Control Source ID - Property ToolTip	New translation.		
Page 882149755 - Control 627063663 - Property 1295455071	Specifies a reference number for the line, which the reservation entry is related to.					Page Quality Compos. Value Entry - Control Source Ref. No. - Property ToolTip	New translation.		
Page 882149755 - Control 1753214751 - Property 1295455071	Specifies for which source type the reservation entry is related to.					Page Quality Compos. Value Entry - Control Source Type - Property ToolTip	New translation.		
Page 882149755 - Control 1131619133 - Property 1295455071						Page Quality Compos. Value Entry - Control Value - Property ToolTip	Source contains only white-space, consider using 'Locked = true' to avoid translation of unnecessary texts. This note can be toggled with the setting 'NAB.PreferLockedTranslations'.		
Page 882149755 - Control 3450651614 - Property 1295455071	Specifies the variant of the item on the line.					Page Quality Compos. Value Entry - Control Variant Code - Property ToolTip	New translation.		
Page 882149755 - Action 3106002577 - Property 2879900210	F&unctions					Page Quality Compos. Value Entry - Action F&unctions - Property Caption	New translation.		
Page 882149755 - Action 3836476898 - Property 1295455071	Cancel the selected values entry.					Page Quality Compos. Value Entry - Action CancelValues - Property ToolTip	New translation.		
Page 882149755 - Action 3836476898 - Property 2879900210	Cancel values					Page Quality Compos. Value Entry - Action CancelValues - Property Caption	New translation.		
Page 3587107671 - Property 2879900210	Activities					Page Quality Manager Activities - Property Caption	New translation.		
Page 3587107671 - Control 3419015742 - Property 2879900210	For Release					Page Quality Manager Activities - Control For Release - Property Caption	New translation.		
Page 3587107671 - Control 39344658 - Property 1295455071	Specifies the number of Composition Quality opened.					Page Quality Manager Activities - Control Comp. Qlty - Open - Property ToolTip	New translation.		
Page 3587107671 - Control 3005676566 - Property 1295455071	Specifies the number of Composition Quality opened.					Page Quality Manager Activities - Control Comp. Qlty - Pending Approval - Property ToolTip	New translation.		
Page 3587107671 - Control 174838176 - Property 1295455071	Specifies the number of Composition Quality opened.					Page Quality Manager Activities - Control Purch Document - Open Qlty. - Property ToolTip	New translation.		
Page 3587107671 - Control 1297587313 - Property 1295455071	Specifies the number of Composition Quality opened.					Page Quality Manager Activities - Control Purch Document - Pending Qlty. - Property ToolTip	New translation.		
Page 3587107671 - Control 3455024340 - Property 1295455071	Specifies the number of Composition Quality opened.					Page Quality Manager Activities - Control Sales Document - Open Qlty. - Property ToolTip	New translation.		
Page 3587107671 - Control 30398213 - Property 1295455071	Specifies the number of Composition Quality opened.					Page Quality Manager Activities - Control Sales Document - Pending Qlty. - Property ToolTip	New translation.		
Page 3587107671 - Action 3497960150 - Property 1295455071	Create a new sales order for items or services that require partial posting.					Page Quality Manager Activities - Action New Sales Order - Property ToolTip	New translation.		
Page 3587107671 - Action 3497960150 - Property 2879900210	New Sales Order					Page Quality Manager Activities - Action New Sales Order - Property Caption	New translation.		
Page 3587107671 - Action 438248642 - Property 1295455071	Offer items or services to a customer.					Page Quality Manager Activities - Action New Sales Quote - Property ToolTip	New translation.		
Page 3587107671 - Action 438248642 - Property 2879900210	New Sales Quote					Page Quality Manager Activities - Action New Sales Quote - Property Caption	New translation.		
Page 3451987683 - Property 2879900210	Quality Director					Page Quality Manager Role Center - Property Caption	New translation.		
Page 3451987683 - Action 1856194291 - Property 1295455071	Create a new sales credit memo to revert a posted sales invoice.					Page Quality Manager Role Center - Action Sales &Credit Memo - Property ToolTip	New translation.		
Page 3451987683 - Action 1856194291 - Property 2879900210	Sales &Credit Memo					Page Quality Manager Role Center - Action Sales &Credit Memo - Property Caption	New translation.		
Page 3451987683 - Action 1576679897 - Property 1295455071	Manage sales processes, view KPIs, and access your favorite items and customers.					Page Quality Manager Role Center - Action embedding - Property ToolTip	New translation.		
Page 3451987683 - Action 1690647457 - Property 1295455071	Register received payments by manually applying them to the related customer, vendor, or bank ledger entries. Then, post the payments to G/L accounts and thereby close the related ledger entries.					Page Quality Manager Role Center - Action CashReceiptJournals - Property ToolTip	New translation.		
Page 3451987683 - Action 1690647457 - Property 2879900210	Cash Receipt Journals					Page Quality Manager Role Center - Action CashReceiptJournals - Property Caption	New translation.		
Page 3451987683 - Action 3606140129 - Property 1295455071	View or edit detailed information for the customers that you trade with. From each customer card, you can open related information, such as sales statistics and ongoing orders, and you can define special prices and line discounts that you grant if certain conditions are met.					Page Quality Manager Role Center - Action Customers - Property ToolTip	New translation.		
Page 3451987683 - Action 3606140129 - Property 2879900210	Customers					Page Quality Manager Role Center - Action Customers - Property Caption	New translation.		
Page 3451987683 - Action 3724520305 - Property 1295455071	Post item transactions directly to the item ledger to adjust inventory in connection with purchases, sales, and positive or negative adjustments without using documents. You can save sets of item journal lines as standard journals so that you can perform recurring postings quickly. A condensed version of the item journal function exists on item cards for quick adjustment of an items inventory quantity.					Page Quality Manager Role Center - Action Item Journals - Property ToolTip	New translation.		
Page 3451987683 - Action 3724520305 - Property 2879900210	Item Journals					Page Quality Manager Role Center - Action Item Journals - Property Caption	New translation.		
Page 3451987683 - Action 1554554962 - Property 1295455071	View or edit detailed information for the products that you trade in. The item card can be of type Inventory or Service to specify if the item is a physical unit or a labor time unit. Here you also define if items in inventory or on incoming orders are automatically reserved for outbound documents and whether order tracking links are created between demand and supply to reflect planning actions.					Page Quality Manager Role Center - Action Items - Property ToolTip	New translation.		
Page 3451987683 - Action 1554554962 - Property 2879900210	Items					Page Quality Manager Role Center - Action Items - Property Caption	New translation.		
Page 3451987683 - Action 561664318 - Property 1295455071	Post any sales-related transaction directly to a customer, bank, or general ledger account instead of using dedicated documents. You can post all types of financial sales transactions, including payments, refunds, and finance charge amounts. Note that you cannot post item quantities with a sales journal.					Page Quality Manager Role Center - Action SalesJournals - Property ToolTip	New translation.		
Page 3451987683 - Action 561664318 - Property 2879900210	Sales Journals					Page Quality Manager Role Center - Action SalesJournals - Property Caption	New translation.		
Page 3451987683 - Action 1159415319 - Property 1295455071	Record your agreements with customers to sell certain products on certain delivery and payment terms. Sales orders, unlike sales invoices, allow you to ship partially, deliver directly from your vendor to your customer, initiate warehouse handling, and print various customer-facing documents. Sales invoicing is integrated in the sales order process.					Page Quality Manager Role Center - Action SalesOrders - Property ToolTip	New translation.		
Page 3451987683 - Action 1159415319 - Property 2879900210	Sales Orders					Page Quality Manager Role Center - Action SalesOrders - Property Caption	New translation.		
Page 3451987683 - Action 3180006285 - Property 1295455071	View sales documents that are fully shipped but not fully invoiced.					Page Quality Manager Role Center - Action SalesOrdersComplShtNotInv - Property ToolTip	New translation.		
Page 3451987683 - Action 3180006285 - Property 2879900210	Completely Shipped Not Invoiced					Page Quality Manager Role Center - Action SalesOrdersComplShtNotInv - Property Caption	New translation.		
Page 3451987683 - Action 4222419314 - Property 1295455071	View sales documents that are shipped but not yet invoiced.					Page Quality Manager Role Center - Action SalesOrdersShptNotInv - Property ToolTip	New translation.		
Page 3451987683 - Action 4222419314 - Property 2879900210	Shipped Not Invoiced					Page Quality Manager Role Center - Action SalesOrdersShptNotInv - Property Caption	New translation.		
Page 3451987683 - Action 3061233890 - Property 1295455071	Move inventory items between company locations. With transfer orders, you ship the outbound transfer from one location and receive the inbound transfer at the other location. This allows you to manage the involved warehouse activities and provides more certainty that inventory quantities are updated correctly.					Page Quality Manager Role Center - Action Transfer Orders - Property ToolTip	New translation.		
Page 3451987683 - Action 3061233890 - Property 2879900210	Transfer Orders					Page Quality Manager Role Center - Action Transfer Orders - Property Caption	New translation.		
Page 3451987683 - Action 1335269804 - Property 2879900210	Sales					Page Quality Manager Role Center - Action Action42 - Property Caption	New translation.		
Page 3451987683 - Action 1978809058 - Property 1295455071	Set up different discounts for items that you sell to the customer. An item discount is automatically granted on invoice lines when the specified criteria are met, such as customer, quantity, or ending date.					Page Quality Manager Role Center - Action &Line Discounts - Property ToolTip	New translation.		
Page 3451987683 - Action 1978809058 - Property 2879900210	&Line Discounts					Page Quality Manager Role Center - Action &Line Discounts - Property Caption	New translation.		
Page 3451987683 - Action 954668148 - Property 1295455071	Set up different prices for items that you sell to the customer. An item price is automatically granted on invoice lines when the specified criteria are met, such as customer, quantity, or ending date.					Page Quality Manager Role Center - Action &Prices - Property ToolTip	New translation.		
Page 3451987683 - Action 954668148 - Property 2879900210	&Prices					Page Quality Manager Role Center - Action &Prices - Property Caption	New translation.		
Page 3451987683 - Action 4201773078 - Property 2879900210	History					Page Quality Manager Role Center - Action History - Property Caption	New translation.		
Page 3451987683 - Action 1814405003 - Property 1295455071	Find entries and documents that exist for the document number and posting date on the selected document. (Formerly this action was named Navigate.)					Page Quality Manager Role Center - Action Navi&gate - Property ToolTip	New translation.		
Page 3451987683 - Action 1814405003 - Property 2879900210	Find entries...					Page Quality Manager Role Center - Action Navi&gate - Property Caption	New translation.		
Page 3451987683 - Action 2176459415 - Property 2879900210	Reports					Page Quality Manager Role Center - Action Reports - Property Caption	New translation.		
Page 3451987683 - Action 264877360 - Property 2879900210	Sales					Page Quality Manager Role Center - Action Action31 - Property Caption	New translation.		
Page 3451987683 - Action 1309467033 - Property 1295455071	View a list with the order lines whose shipment date has been exceeded. The following information is shown for the individual orders for each item: number, customer name, customer's telephone number, shipment date, order quantity and quantity on back order. The report also shows whether there are other items for the customer on back order.					Page Quality Manager Role Center - Action Inventory - Sales &Back Orders - Property ToolTip	New translation.		
Page 3451987683 - Action 1309467033 - Property 2879900210	Inventory - Sales &Back Orders					Page Quality Manager Role Center - Action Inventory - Sales &Back Orders - Property Caption	New translation.		
Page 3451987683 - Action 3751545307 - Property 1295455071	View a list of your items and their prices, for example, to send to customers. You can create the list for specific customers, campaigns, currencies, or other criteria.					Page Quality Manager Role Center - Action Price &List - Property ToolTip	New translation.		
Page 3451987683 - Action 3751545307 - Property 2879900210	Price &List					Page Quality Manager Role Center - Action Price &List - Property Caption	New translation.		
Page 3451987683 - Action 810681621 - Property 1295455071	View amounts for sales, profit, invoice discount, and payment discount, as well as profit percentage, for each salesperson for a selected period. The report also shows the adjusted profit and adjusted profit percentage, which reflect any changes to the original costs of the items in the sales.					Page Quality Manager Role Center - Action Salesperson - Sales &Statistics - Property ToolTip	New translation.		
Page 3451987683 - Action 810681621 - Property 2879900210	Salesperson - Sales &Statistics					Page Quality Manager Role Center - Action Salesperson - Sales &Statistics - Property Caption	New translation.		
Page 3451987683 - Action 1994964448 - Property 2879900210	Customer					Page Quality Manager Role Center - Action Customer - Property Caption	New translation.		
Page 3451987683 - Action 3092092583 - Property 1295455071	View the quantity not yet shipped for each customer in three periods of 30 days each, starting from a selected date. There are also columns with orders to be shipped before and after the three periods and a column with the total order detail for each customer. The report can be used to analyze a company's expected sales volume.					Page Quality Manager Role Center - Action Customer - &Order Summary - Property ToolTip	New translation.		
Page 3451987683 - Action 3092092583 - Property 2879900210	Customer - &Order Summary					Page Quality Manager Role Center - Action Customer - &Order Summary - Property Caption	New translation.		
Page 3451987683 - Action 3179456745 - Property 1295455071	View which customers purchase the most or owe the most in a selected period. Only customers that have either purchases during the period or a balance at the end of the period will be included.					Page Quality Manager Role Center - Action Customer - &Top 10 List - Property ToolTip	New translation.		
Page 3451987683 - Action 3179456745 - Property 2879900210	Customer - &Top 10 List					Page Quality Manager Role Center - Action Customer - &Top 10 List - Property Caption	New translation.		
Page 3451987683 - Action 3209082316 - Property 1295455071	View a list of item sales for each customer during a selected time period. The report contains information on quantity, sales amount, profit, and possible discounts. It can be used, for example, to analyze a company's customer groups.					Page Quality Manager Role Center - Action Customer/&Item Sales - Property ToolTip	New translation.		
Page 3451987683 - Action 3209082316 - Property 2879900210	Customer/&Item Sales					Page Quality Manager Role Center - Action Customer/&Item Sales - Property Caption	New translation.		
Page 3451987683 - Action 2973329650 - Property 2879900210	Tasks					Page Quality Manager Role Center - Action Tasks - Property Caption	New translation.		
Page 3451987683 - Action 2015624257 - Property 1295455071	Open a sales journal where you can batch post sales transactions to G/L, bank, customer, vendor and fixed assets accounts.					Page Quality Manager Role Center - Action Sales &Journal - Property ToolTip	New translation.		
Page 3451987683 - Action 2015624257 - Property 2879900210	Sales &Journal					Page Quality Manager Role Center - Action Sales &Journal - Property Caption	New translation.		
Page 3451987683 - Action 2311124359 - Property 1295455071	Manage sales prices for individual customers, for a group of customers, for all customers, or for a campaign.					Page Quality Manager Role Center - Action Sales Price &Worksheet - Property ToolTip	New translation.		
Page 3451987683 - Action 2311124359 - Property 2879900210	Price &Worksheet					Page Quality Manager Role Center - Action Sales Price &Worksheet - Property Caption	New translation.		
Page 3451987683 - Action 3784628197 - Property 1295455071	View history for sales, shipments, and inventory.					Page Quality Manager Role Center - Action Action63 - Property ToolTip	New translation.		
Page 3451987683 - Action 3784628197 - Property 2879900210	Purchasing					Page Quality Manager Role Center - Action Action63 - Property Caption	New translation.		
Page 3451987683 - Action 1225303959 - Property 1295455071	Use blanket purchase orders as a framework for a long-term agreement between you and your vendors to buy large quantities that are to be delivered in several smaller shipments over a certain period of time. Blanket orders often cover only one item with predetermined delivery dates. The main reason for using a blanket order rather than a purchase order is that quantities entered on a blanket order do not affect item availability and thus can be used as a worksheet for monitoring, forecasting, and planning purposes.					Page Quality Manager Role Center - Action Blanket Purchase Orders - Property ToolTip	New translation.		
Page 3451987683 - Action 1225303959 - Property 2879900210	Blanket Purchase Orders					Page Quality Manager Role Center - Action Blanket Purchase Orders - Property Caption	New translation.		
Page 3451987683 - Action 4135951594 - Property 1295455071	Opens a list of posted purchase credit memos.					Page Quality Manager Role Center - Action Posted Purchase Credit Memos - Property ToolTip	New translation.		
Page 3451987683 - Action 4135951594 - Property 2879900210	Posted Purchase Credit Memos					Page Quality Manager Role Center - Action Posted Purchase Credit Memos - Property Caption	New translation.		
Page 3451987683 - Action 407220332 - Property 1295455071	Opens a list of posted purchase invoices.					Page Quality Manager Role Center - Action Posted Purchase Invoices - Property ToolTip	New translation.		
Page 3451987683 - Action 407220332 - Property 2879900210	Posted Purchase Invoices					Page Quality Manager Role Center - Action Posted Purchase Invoices - Property Caption	New translation.		
Page 3451987683 - Action 1116965951 - Property 1295455071	Open the list of posted purchase receipts.					Page Quality Manager Role Center - Action Posted Purchase Receipts - Property ToolTip	New translation.		
Page 3451987683 - Action 1116965951 - Property 2879900210	Posted Purchase Receipts					Page Quality Manager Role Center - Action Posted Purchase Receipts - Property Caption	New translation.		
Page 3451987683 - Action 1497693469 - Property 1295455071	Opens a list of posted purchase return shipments.					Page Quality Manager Role Center - Action Posted Purchase Return Shipments - Property ToolTip	New translation.		
Page 3451987683 - Action 1497693469 - Property 2879900210	Posted Purchase Return Shipments					Page Quality Manager Role Center - Action Posted Purchase Return Shipments - Property Caption	New translation.		
Page 3451987683 - Action 291926049 - Property 1295455071	Create purchase credit memos to mirror sales credit memos that vendors send to you for incorrect or damaged items that you have paid for and then returned to the vendor. If you need more control of the purchase return process, such as warehouse documents for the physical handling, use purchase return orders, in which purchase credit memos are integrated. Purchase credit memos can be created automatically from PDF or image files from your vendors by using the Incoming Documents feature. Note: If you have not yet paid for an erroneous purchase, you can simply cancel the posted purchase invoice to automatically revert the financial transaction.					Page Quality Manager Role Center - Action Purchase Credit Memos - Property ToolTip	New translation.		
Page 3451987683 - Action 291926049 - Property 2879900210	Purchase Credit Memos					Page Quality Manager Role Center - Action Purchase Credit Memos - Property Caption	New translation.		
Page 3451987683 - Action 4037192291 - Property 1295455071	Create purchase invoices to mirror sales documents that vendors send to you. This enables you to record the cost of purchases and to track accounts payable. Posting purchase invoices dynamically updates inventory levels so that you can minimize inventory costs and provide better customer service. Purchase invoices can be created automatically from PDF or image files from your vendors by using the Incoming Documents feature.					Page Quality Manager Role Center - Action Purchase Invoices - Property ToolTip	New translation.		
Page 3451987683 - Action 4037192291 - Property 2879900210	Purchase Invoices					Page Quality Manager Role Center - Action Purchase Invoices - Property Caption	New translation.		
Page 3451987683 - Action 2882327954 - Property 1295455071	Create purchase orders to mirror sales documents that vendors send to you. This enables you to record the cost of purchases and to track accounts payable. Posting purchase orders dynamically updates inventory levels so that you can minimize inventory costs and provide better customer service. Purchase orders allow partial receipts, unlike with purchase invoices, and enable drop shipment directly from your vendor to your customer. Purchase orders can be created automatically from PDF or image files from your vendors by using the Incoming Documents feature.					Page Quality Manager Role Center - Action Purchase Orders - Property ToolTip	New translation.		
Page 3451987683 - Action 2882327954 - Property 2879900210	Purchase Orders					Page Quality Manager Role Center - Action Purchase Orders - Property Caption	New translation.		
Page 3451987683 - Action 1819353702 - Property 1295455071	Create purchase quotes to represent your request for quotes from vendors. Quotes can be converted to purchase orders.					Page Quality Manager Role Center - Action Purchase Quotes - Property ToolTip	New translation.		
Page 3451987683 - Action 1819353702 - Property 2879900210	Purchase Quotes					Page Quality Manager Role Center - Action Purchase Quotes - Property Caption	New translation.		
Page 3451987683 - Action 849761688 - Property 1295455071	Create purchase return orders to mirror sales return documents that vendors send to you for incorrect or damaged items that you have paid for and then returned to the vendor. Purchase return orders enable you to ship back items from multiple purchase documents with one purchase return and support warehouse documents for the item handling. Purchase return orders can be created automatically from PDF or image files from your vendors by using the Incoming Documents feature. Note: If you have not yet paid for an erroneous purchase, you can simply cancel the posted purchase invoice to automatically revert the financial transaction.					Page Quality Manager Role Center - Action Purchase Return Orders - Property ToolTip	New translation.		
Page 3451987683 - Action 849761688 - Property 2879900210	Purchase Return Orders					Page Quality Manager Role Center - Action Purchase Return Orders - Property Caption	New translation.		
Page 3451987683 - Action 101427331 - Property 1295455071	Post any purchase-related transaction directly to a vendor, bank, or general ledger account instead of using dedicated documents. You can post all types of financial purchase transactions, including payments, refunds, and finance charge amounts. Note that you cannot post item quantities with a purchase journal.					Page Quality Manager Role Center - Action PurchaseJournals - Property ToolTip	New translation.		
Page 3451987683 - Action 101427331 - Property 2879900210	Purchase Journals					Page Quality Manager Role Center - Action PurchaseJournals - Property Caption	New translation.		
Page 3451987683 - Action 713531721 - Property 1295455071	View or edit detailed information for the vendors that you trade with. From each vendor card, you can open related information, such as purchase statistics and ongoing orders, and you can define special prices and line discounts that the vendor grants you if certain conditions are met.					Page Quality Manager Role Center - Action Vendors - Property ToolTip	New translation.		
Page 3451987683 - Action 713531721 - Property 2879900210	Vendors					Page Quality Manager Role Center - Action Vendors - Property Caption	New translation.		
Page 3451987683 - Action 1595006073 - Property 1295455071	Make quotes, orders, and credit memos to customers. Manage customers and view transaction history.					Page Quality Manager Role Center - Action Action76 - Property ToolTip	New translation.		
Page 3451987683 - Action 1595006073 - Property 2879900210	Sales					Page Quality Manager Role Center - Action Action76 - Property Caption	New translation.		
Page 3451987683 - Action 2509234963 - Property 1295455071	View or edit detailed information for the customers that you trade with. From each customer card, you can open related information, such as sales statistics and ongoing orders, and you can define special prices and line discounts that you grant if certain conditions are met.					Page Quality Manager Role Center - Action Action61 - Property ToolTip	New translation.		
Page 3451987683 - Action 2509234963 - Property 2879900210	Customers					Page Quality Manager Role Center - Action Action61 - Property Caption	New translation.		
Page 3451987683 - Action 3953537220 - Property 1295455071	Move inventory items between company locations. With transfer orders, you ship the outbound transfer from one location and receive the inbound transfer at the other location. This allows you to manage the involved warehouse activities and provides more certainty that inventory quantities are updated correctly.					Page Quality Manager Role Center - Action Action68 - Property ToolTip	New translation.		
Page 3451987683 - Action 3953537220 - Property 2879900210	Transfer Orders					Page Quality Manager Role Center - Action Action68 - Property Caption	New translation.		
Page 3451987683 - Action 3925560610 - Property 1295455071	Use blanket sales orders as a framework for a long-term agreement between you and your customers to sell large quantities that are to be delivered in several smaller shipments over a certain period of time. Blanket orders often cover only one item with predetermined delivery dates. The main reason for using a blanket order rather than a sales order is that quantities entered on a blanket order do not affect item availability and thus can be used as a worksheet for monitoring, forecasting, and planning purposes..					Page Quality Manager Role Center - Action Blanket Sales Orders - Property ToolTip	New translation.		
Page 3451987683 - Action 3925560610 - Property 2879900210	Blanket Sales Orders					Page Quality Manager Role Center - Action Blanket Sales Orders - Property Caption	New translation.		
Page 3451987683 - Action 618528661 - Property 1295455071	Send finance charge memos to customers with delayed payments, typically following a reminder process. Finance charges are calculated automatically and added to the overdue amounts on the customer's account according to the specified finance charge terms and penalty/interest amounts.					Page Quality Manager Role Center - Action Finance Charge Memos - Property ToolTip	New translation.		
Page 3451987683 - Action 618528661 - Property 2879900210	Finance Charge Memos					Page Quality Manager Role Center - Action Finance Charge Memos - Property Caption	New translation.		
Page 3451987683 - Action 2557560783 - Property 1295455071	Open the list of posted sales credit memos.					Page Quality Manager Role Center - Action Posted Sales Credit Memos - Property ToolTip	New translation.		
Page 3451987683 - Action 2557560783 - Property 2879900210	Posted Sales Credit Memos					Page Quality Manager Role Center - Action Posted Sales Credit Memos - Property Caption	New translation.		
Page 3451987683 - Action 3434938165 - Property 1295455071	Open the list of posted sales invoices.					Page Quality Manager Role Center - Action Posted Sales Invoices - Property ToolTip	New translation.		
Page 3451987683 - Action 3434938165 - Property 2879900210	Posted Sales Invoices					Page Quality Manager Role Center - Action Posted Sales Invoices - Property Caption	New translation.		
Page 3451987683 - Action 2974556624 - Property 1295455071	Open the list of posted sales return receipts.					Page Quality Manager Role Center - Action Posted Sales Return Receipts - Property ToolTip	New translation.		
Page 3451987683 - Action 2974556624 - Property 2879900210	Posted Sales Return Receipts					Page Quality Manager Role Center - Action Posted Sales Return Receipts - Property Caption	New translation.		
Page 3451987683 - Action 1840709038 - Property 1295455071	Open the list of posted sales shipments.					Page Quality Manager Role Center - Action Posted Sales Shipments - Property ToolTip	New translation.		
Page 3451987683 - Action 1840709038 - Property 2879900210	Posted Sales Shipments					Page Quality Manager Role Center - Action Posted Sales Shipments - Property Caption	New translation.		
Page 3451987683 - Action 1386416279 - Property 1295455071	Remind customers about overdue amounts based on reminder terms and the related reminder levels. Each reminder level includes rules about when the reminder will be issued in relation to the invoice due date or the date of the previous reminder and whether interests are added. Reminders are integrated with finance charge memos, which are documents informing customers of interests or other money penalties for payment delays.					Page Quality Manager Role Center - Action Reminders - Property ToolTip	New translation.		
Page 3451987683 - Action 1386416279 - Property 2879900210	Reminders					Page Quality Manager Role Center - Action Reminders - Property Caption	New translation.		
Page 3451987683 - Action 1948356160 - Property 1295455071	Revert the financial transactions involved when your customers want to cancel a purchase or return incorrect or damaged items that you sent to them and received payment for. To include the correct information, you can create the sales credit memo from the related posted sales invoice or you can create a new sales credit memo with copied invoice information. If you need more control of the sales return process, such as warehouse documents for the physical handling, use sales return orders, in which sales credit memos are integrated. Note: If an erroneous sale has not been paid yet, you can simply cancel the posted sales invoice to automatically revert the financial transaction.					Page Quality Manager Role Center - Action Sales Credit Memos - Property ToolTip	New translation.		
Page 3451987683 - Action 1948356160 - Property 2879900210	Sales Credit Memos					Page Quality Manager Role Center - Action Sales Credit Memos - Property Caption	New translation.		
Page 3451987683 - Action 1693997414 - Property 1295455071	Register your sales to customers and invite them to pay according to the delivery and payment terms by sending them a sales invoice document. Posting a sales invoice registers shipment and records an open receivable entry on the customer's account, which will be closed when payment is received. To manage the shipment process, use sales orders, in which sales invoicing is integrated.					Page Quality Manager Role Center - Action Sales Invoices - Property ToolTip	New translation.		
Page 3451987683 - Action 1693997414 - Property 2879900210	Sales Invoices					Page Quality Manager Role Center - Action Sales Invoices - Property Caption	New translation.		
Page 3451987683 - Action 2557119366 - Property 1295455071	Post any sales-related transaction directly to a customer, bank, or general ledger account instead of using dedicated documents. You can post all types of financial sales transactions, including payments, refunds, and finance charge amounts. Note that you cannot post item quantities with a sales journal.					Page Quality Manager Role Center - Action Sales Journals - Property ToolTip	New translation.		
Page 3451987683 - Action 2557119366 - Property 2879900210	Sales Journals					Page Quality Manager Role Center - Action Sales Journals - Property Caption	New translation.		
Page 3451987683 - Action 69955983 - Property 1295455071	Record your agreements with customers to sell certain products on certain delivery and payment terms. Sales orders, unlike sales invoices, allow you to ship partially, deliver directly from your vendor to your customer, initiate warehouse handling, and print various customer-facing documents. Sales invoicing is integrated in the sales order process.					Page Quality Manager Role Center - Action Sales Orders - Property ToolTip	New translation.		
Page 3451987683 - Action 69955983 - Property 2879900210	Sales Orders					Page Quality Manager Role Center - Action Sales Orders - Property Caption	New translation.		
Page 3451987683 - Action 1096444838 - Property 1295455071	View sales orders in Dynamics 365 Sales that are coupled with sales orders in Business Central.					Page Quality Manager Role Center - Action Sales Orders - Microsoft Dynamics 365 Sales - Property ToolTip	New translation.		
Page 3451987683 - Action 1096444838 - Property 2879900210	Sales Orders - Microsoft Dynamics 365 Sales					Page Quality Manager Role Center - Action Sales Orders - Microsoft Dynamics 365 Sales - Property Caption	New translation.		
Page 3451987683 - Action 734185571 - Property 1295455071	Make offers to customers to sell certain products on certain delivery and payment terms. While you negotiate with a customer, you can change and resend the sales quote as much as needed. When the customer accepts the offer, you convert the sales quote to a sales invoice or a sales order in which you process the sale.					Page Quality Manager Role Center - Action Sales Quotes - Property ToolTip	New translation.		
Page 3451987683 - Action 734185571 - Property 2879900210	Sales Quotes					Page Quality Manager Role Center - Action Sales Quotes - Property Caption	New translation.		
Page 3451987683 - Action 3507632001 - Property 1295455071	Compensate your customers for incorrect or damaged items that you sent to them and received payment for. Sales return orders enable you to receive items from multiple sales documents with one sales return, automatically create related sales credit memos or other return-related documents, such as a replacement sales order, and support warehouse documents for the item handling. Note: If an erroneous sale has not been paid yet, you can simply cancel the posted sales invoice to automatically revert the financial transaction.					Page Quality Manager Role Center - Action Sales Return Orders - Property ToolTip	New translation.		
Page 3451987683 - Action 3507632001 - Property 2879900210	Sales Return Orders					Page Quality Manager Role Center - Action Sales Return Orders - Property Caption	New translation.		
Page 3451987683 - Action 1483341903 - Property 1295455071	Overview and change quality settings					Page Quality Manager Role Center - Action Quality - Property ToolTip	New translation.		
Page 3451987683 - Action 1483341903 - Property 2879900210	Quality					Page Quality Manager Role Center - Action Quality - Property Caption	New translation.		
Page 3451987683 - Action 4111254078 - Property 1295455071						Page Quality Manager Role Center - Action Archive Docs. Quality - Property ToolTip	Source contains only white-space, consider using 'Locked = true' to avoid translation of unnecessary texts. This note can be toggled with the setting 'NAB.PreferLockedTranslations'.		
Page 3451987683 - Action 4111254078 - Property 2879900210	Archive Docs. Quality					Page Quality Manager Role Center - Action Archive Docs. Quality - Property Caption	New translation.		
Page 3451987683 - Action 335716783 - Property 1295455071	Set up core quality measures groups					Page Quality Manager Role Center - Action Quality Composition - Property ToolTip	New translation.		
Page 3451987683 - Action 335716783 - Property 2879900210	Quality Composition					Page Quality Manager Role Center - Action Quality Composition - Property Caption	New translation.		
Page 3451987683 - Action 1605766738 - Property 1295455071	Set up core quality measures					Page Quality Manager Role Center - Action Quality Measures - Property ToolTip	New translation.		
Page 3451987683 - Action 1605766738 - Property 2879900210	Quality Measures					Page Quality Manager Role Center - Action Quality Measures - Property Caption	New translation.		
Page 3451987683 - Action 3627296235 - Property 1295455071	Set up core quality measures groups					Page Quality Manager Role Center - Action Quality Measures Group - Property ToolTip	New translation.		
Page 3451987683 - Action 3627296235 - Property 2879900210	Quality Measures Group					Page Quality Manager Role Center - Action Quality Measures Group - Property Caption	New translation.		
Page 3451987683 - Action 3502056030 - Property 1295455071	Set up core quality information					Page Quality Manager Role Center - Action Quality Setup - Property ToolTip	New translation.		
Page 3451987683 - Action 3502056030 - Property 2879900210	Quality Setup					Page Quality Manager Role Center - Action Quality Setup - Property Caption	New translation.		
Page 3627296235 - Property 2879900210	Quality Measures Group					Page Quality Measures Group - Property Caption	New translation.		
Page 3627296235 - Control 739346273 - Property 2879900210	General					Page Quality Measures Group - Control Group - Property Caption	New translation.		
Page 3627296235 - Action 22839411 - Property 2879900210	Actions50180					Page Quality Measures Group - Action Actions50180 - Property Caption	New translation.		
Page 3502056030 - Property 2879900210	Configuración calidad					Page Quality Setup - Property Caption	New translation.		
Page 3502056030 - Control 2445482498 - Property 2879900210	General					Page Quality Setup - Control General - Property Caption	New translation.		
Page 3502056030 - Control 2102368575 - Property 1295455071	Specifies the User Quality Manager					Page Quality Setup - Control Archive Doc. Quality Nos. - Property ToolTip	New translation.		
Page 3502056030 - Control 827325613 - Property 1295455071	Specifies the User Quality Manager					Page Quality Setup - Control Logo Certification - Property ToolTip	New translation.		
Page 3502056030 - Control 298034456 - Property 1295455071	Specifies the User Quality Manager					Page Quality Setup - Control User Id. Quality Manager - Property ToolTip	New translation.		
Page 3502056030 - Action 64231666 - Property 2879900210	Quality measures					Page Quality Setup - Action QualityMeasures - Property Caption	New translation.		
Page 3502056030 - Action 2201853987 - Property 2879900210	Quality measures group					Page Quality Setup - Action QualityMeasuresGroup - Property Caption	New translation.		
Page 3502056030 - Action 1387007012 - Property 2879900210	Inicialize Quality Module					Page Quality Setup - Action InicializeQualityModule - Property Caption	New translation.		
Report 1329048451 - Property 2879900210	Certificate of Quality					Report Certificate of Quality - Property Caption	New translation.		
Report 1329048451 - NamedType 3680187810	Approved					Report Certificate of Quality - NamedType Approved_Lbl	New translation.		
Report 1329048451 - NamedType 925249410	AVERAGE					Report Certificate of Quality - NamedType Average_Lbl	New translation.		
Report 1329048451 - NamedType 3373390410	Cast No.					Report Certificate of Quality - NamedType Cast_No_Lbl	New translation.		
Report 1329048451 - NamedType 615051469	Cast Nr.					Report Certificate of Quality - NamedType Cast_Nr_Lbl	New translation.		
Report 1329048451 - NamedType 3912768085	Certificate_Nr					Report Certificate of Quality - NamedType Certificate_Nr_Lbl	New translation.		
Report 1329048451 - NamedType 643314386	CHEMICAL COMPOSITION					Report Certificate of Quality - NamedType Chemical_Composition_Lbl	New translation.		
Report 1329048451 - NamedType 201185627	Customer					Report Certificate of Quality - NamedType Customer_Lbl	New translation.		
Report 1329048451 - NamedType 1746738262	Delivery Nr.					Report Certificate of Quality - NamedType Delivery_Nr_Lbl	New translation.		
Report 1329048451 - NamedType 2677248932	Elements					Report Certificate of Quality - NamedType Elements_Lbl	New translation.		
Report 1329048451 - NamedType 2400513865	HARDENABILITY					Report Certificate of Quality - NamedType Harddenability_Lbl	New translation.		
Report 1329048451 - NamedType 4093060903	HEAT					Report Certificate of Quality - NamedType Heat_Lbl	New translation.		
Report 1329048451 - NamedType 686710758	MACROINCLUSIONS					Report Certificate of Quality - NamedType Macroinclusions_Lbl	New translation.		
Report 1329048451 - NamedType 1644894635	MAX					Report Certificate of Quality - NamedType Max_Lbl	New translation.		
Report 1329048451 - NamedType 1057275947	MECHANICAL COMPOSITION					Report Certificate of Quality - NamedType Mechanical_Composition_Lbl	New translation.		
Report 1329048451 - NamedType 3495504542	MICROINCLUSIONS					Report Certificate of Quality - NamedType Microinclusions_Lbl	New translation.		
Report 1329048451 - NamedType 2614882805	MICROSCOPIC EXAMINATION					Report Certificate of Quality - NamedType Microscopic_Examitacion_Lbl	New translation.		
Report 1329048451 - NamedType 1527080129	MIN					Report Certificate of Quality - NamedType Min_Lbl	New translation.		
Report 1329048451 - NamedType 4257513883	Multiple Document Types are not allowed.					Report Certificate of Quality - NamedType MultipleDocumentsErr	New translation.		
Report 1329048451 - NamedType 3060124136	NORM : DIN 17100					Report Certificate of Quality - NamedType Normative_Lbl	New translation.		
Report 1329048451 - NamedType 752717614	QUALITY CERTIFICATE					Report Certificate of Quality - NamedType Quality_Certificate_Lbl	New translation.		
Report 1329048451 - NamedType 1433015174	Quality Control Departament					Report Certificate of Quality - NamedType Quality_Control_Departament_Lbl	New translation.		
Report 1329048451 - NamedType 3910644533	Reference					Report Certificate of Quality - NamedType Referencia_Lbl	New translation.		
Report 1329048451 - NamedType 3626106736	*REMARKS					Report Certificate of Quality - NamedType Remarks_Lbl	New translation.		
Report 1329048451 - NamedType 4104633248	RESULT					Report Certificate of Quality - NamedType Result_Lbl	New translation.		
Report 1329048451 - NamedType 2080816380	Size (mm.)					Report Certificate of Quality - NamedType Size_Lbl	New translation.		
Report 1329048451 - NamedType 2586346154	Steel					Report Certificate of Quality - NamedType Steel_Lbl	New translation.		
Report 1329048451 - NamedType 2702156556	Surfase					Report Certificate of Quality - NamedType Surface_Lbl	New translation.		
Report 1329048451 - NamedType 3131072771	Works No.					Report Certificate of Quality - NamedType Works_No_Lbl	New translation.		
Report 1329048451 - Control 1253938103 - Property 1295455071	Specifies if you want to information from the lines on the shipment document on the certificate of supply.					Report Certificate of Quality - Control PrintLineDetails - Property ToolTip	New translation.		
Report 1329048451 - Control 1253938103 - Property 2879900210	Print Line Details					Report Certificate of Quality - Control PrintLineDetails - Property Caption	New translation.		
Report 807831556 - Property 2879900210	Load Quality Measures					Report Load Quality Measures - Property Caption	New translation.		
Report 807831556 - NamedType 2476940767	Enter the posting date.					Report Load Quality Measures - NamedType Text000	New translation.		
Report 807831556 - NamedType 3114637384	Enter the document no.					Report Load Quality Measures - NamedType Text001	New translation.		
Report 807831556 - NamedType 3752334001	Processing Composition Quality Header :    #1##########					Report Load Quality Measures - NamedType Text002	New translation.		
Report 807831556 - Control 2346885236 - Property 2879900210	Options					Report Load Quality Measures - Control Options - Property Caption	New translation.		
Report 807831556 - Control 3037438984 - Property 1295455071	Specifies the date for the posting of this batch job. By default, the working date is entered, but you can change it.					Report Load Quality Measures - Control PostingDate - Property ToolTip	New translation.		
Report 807831556 - Control 3037438984 - Property 2879900210	Posting Date					Report Load Quality Measures - Control PostingDate - Property Caption	New translation.		
Report 807831556 - Control 3319880214 - Property 1295455071	Specifies the  group of the quality measures that is processed by the report or batch job.					Report Load Quality Measures - Control QualityMeasureGroup - Property ToolTip	New translation.		
Report 807831556 - Control 3319880214 - Property 2879900210	Quality Measure Group					Report Load Quality Measures - Control QualityMeasureGroup - Property Caption	New translation.		
PageExtension 1328109492 - Property 2879900210	Create Incident					PageExtension NewFieldCreateInteraction - Property Caption	New translation.		
PageExtension 1328109492 - Control 2070365044 - Property 2879900210	Departament Code					PageExtension NewFieldCreateInteraction - Control Departament Code - Property Caption	New translation.		
PageExtension 1328109492 - Control 3081911211 - Property 2879900210	Responsible Code					PageExtension NewFieldCreateInteraction - Control Responsible Code - Property Caption	New translation.		
PageExtension 1328109492 - Control 2107171397 - Property 2879900210	Responsible Name					PageExtension NewFieldCreateInteraction - Control Responsible Name - Property Caption	New translation.		
PageExtension 1328109492 - Control 513339096 - Property 2879900210	Status					PageExtension NewFieldCreateInteraction - Control Status - Property Caption	New translation.		
PageExtension 1328109492 - Control 1007358516 - Property 2879900210	Description Incident					PageExtension NewFieldCreateInteraction - Control Description Incident - Property Caption	New translation.		
PageExtension 1328109492 - Control 4286075827 - Property 2879900210	Proposed solution					PageExtension NewFieldCreateInteraction - Control Proposed solution - Property Caption	New translation.		
PageExtension 1047485046 - Property 2879900210	Movs. log. incident					PageExtension NewFieldInteractionLogEntries - Property Caption	New translation.		
PageExtension 1047485046 - Action 3330540702 - Property 1295455071	Open an Incidencia with a specified contact.					PageExtension NewFieldInteractionLogEntries - Action Open Incident - Property ToolTip	New translation.		
PageExtension 1047485046 - Action 3330540702 - Property 2879900210	Open Incident		Open Incident			PageExtension NewFieldInteractionLogEntries - Action Open Incident - Property Caption	New translation.		
PageExtension 1047485046 - Control 3337557211 - Property 2879900210	Incident No.					PageExtension NewFieldInteractionLogEntries - Control Incident No. - Property Caption	New translation.		
PageExtension 1047485046 - Control 1007358516 - Property 2879900210	Description Incident					PageExtension NewFieldInteractionLogEntries - Control Description Incident - Property Caption	New translation.		
PageExtension 1047485046 - Control 513339096 - Property 2879900210	Status					PageExtension NewFieldInteractionLogEntries - Control Status - Property Caption	New translation.		
PageExtension 1047485046 - Change 1876160316 - Property 2879900210	Create Incident					PageExtension NewFieldInteractionLogEntries - Change Create &Interaction - Property Caption	New translation.		
PageExtension 1947243459 - Action 1483341903 - Property 2879900210	Quality					PageExtension NewFieldPostSalesShipm - Action Quality - Property Caption	New translation.		
PageExtension 1947243459 - Action 2260077251 - Property 1295455071	Document Quality					PageExtension NewFieldPostSalesShipm - Action Documents Quality - Property ToolTip	New translation.		
PageExtension 1947243459 - Action 2260077251 - Property 2879900210	Documents Quality					PageExtension NewFieldPostSalesShipm - Action Documents Quality - Property Caption	New translation.		
PageExtension 1947243459 - Action 2997608588 - Property 1295455071	Print the certificate of quality that you must send to your customer.					PageExtension NewFieldPostSalesShipm - Action PrintCertificateofQuality - Property ToolTip	New translation.		
PageExtension 1947243459 - Action 2997608588 - Property 2879900210	Print Certificate of Quality					PageExtension NewFieldPostSalesShipm - Action PrintCertificateofQuality - Property Caption	New translation.		
PageExtension 1947243459 - Action 882149755 - Property 1295455071	Quality Compos. Value Entry					PageExtension NewFieldPostSalesShipm - Action Quality Compos. Value Entry - Property ToolTip	New translation.		
PageExtension 1947243459 - Action 882149755 - Property 2879900210	Quality Compos. Value Entry					PageExtension NewFieldPostSalesShipm - Action Quality Compos. Value Entry - Property Caption	New translation.		
PageExtension 4075706103 - Action 1483341903 - Property 2879900210	Quality					PageExtension NewFieldPurchaseOrderLine - Action Quality - Property Caption	New translation.		
PageExtension 4075706103 - Action 2260077251 - Property 1295455071	Document Quality					PageExtension NewFieldPurchaseOrderLine - Action Documents Quality - Property ToolTip	New translation.		
PageExtension 4075706103 - Action 2260077251 - Property 2879900210	Documents Quality					PageExtension NewFieldPurchaseOrderLine - Action Documents Quality - Property Caption	New translation.		
PageExtension 4075706103 - Action 882149755 - Property 1295455071	Quality Compos. Value Entry					PageExtension NewFieldPurchaseOrderLine - Action Quality Compos. Value Entry - Property ToolTip	New translation.		
PageExtension 4075706103 - Action 882149755 - Property 2879900210	Quality Compos. Value Entry					PageExtension NewFieldPurchaseOrderLine - Action Quality Compos. Value Entry - Property Caption	New translation.		
PageExtension 1549578484 - Change 1244613281 - Property 2879900210	Open log incidents					PageExtension NewFieldSalesOrder - Change PageInteractionLogEntries - Property Caption	New translation.		
PageExtension 3637472826 - Control 1313362814 - Property 2879900210	Incident Nos.					PageExtension NewFieldSalesReceivablesSetup - Control Incident Nos. - Property Caption	New translation.		
TableExtension 28769592 - Field 2070365044 - Property 2879900210	Departament Code					TableExtension NewFieldInteractionLogEntry - Field Departament Code - Property Caption	New translation.		
TableExtension 28769592 - Field 1007358516 - Property 2879900210	Description Incident					TableExtension NewFieldInteractionLogEntry - Field Description Incident - Property Caption	New translation.		
TableExtension 28769592 - Field 3337557211 - Property 2879900210	Incident No.					TableExtension NewFieldInteractionLogEntry - Field Incident No. - Property Caption	New translation.		
TableExtension 28769592 - Field 4286075827 - Property 2879900210	Proposed solution					TableExtension NewFieldInteractionLogEntry - Field Proposed solution - Property Caption	New translation.		
TableExtension 28769592 - Field 3081911211 - Property 2879900210	Responsible Code					TableExtension NewFieldInteractionLogEntry - Field Responsible Code - Property Caption	New translation.		
TableExtension 28769592 - Field 2107171397 - Property 2879900210	Responsible Name					TableExtension NewFieldInteractionLogEntry - Field Responsible Name - Property Caption	New translation.		
TableExtension 28769592 - Field 513339096 - Property 2879900210	Status					TableExtension NewFieldInteractionLogEntry - Field Status - Property Caption	New translation.		
TableExtension 28769592 - Field 513339096 - Property 62802879	Open,Resolved,Unresolved,Cancelled					TableExtension NewFieldInteractionLogEntry - Field Status - Property OptionCaption	New translation.		
TableExtension 1800327958 - Field 711246786 - Property 2879900210	Cast No. Vendor					TableExtension NewFieldPurchaseHeader - Field Cast No. Vendor - Property Caption	New translation.		
TableExtension 1800327958 - Field 1608463932 - Property 2879900210	Composition Quality Code					TableExtension NewFieldPurchaseHeader - Field Composition Quality Code - Property Caption	New translation.		
TableExtension 633613053 - Field 711246786 - Property 2879900210	Cast No. Vendor					TableExtension NewFieldPurchaseLine - Field Cast No. Vendor - Property Caption	New translation.		
TableExtension 633613053 - Field 1608463932 - Property 2879900210	Composition Quality Code					TableExtension NewFieldPurchaseLine - Field Composition Quality Code - Property Caption	New translation.		
TableExtension 2965970453 - Field 2554619219 - Property 2879900210	Description mesure unit					TableExtension NewFieldQualityMeasure - Field Description mesure unit - Property Caption	New translation.		
TableExtension 2965970453 - Field 3375502678 - Property 2879900210	Quality Measure Group					TableExtension NewFieldQualityMeasure - Field Quality Measure Group - Property Caption	New translation.		
TableExtension 813848939 - Field 1608463932 - Property 2879900210	Composition Quality Code					TableExtension NewFieldSalesHeader - Field Composition Quality Code - Property Caption	New translation.		
TableExtension 1376792101 - Field 1608463932 - Property 2879900210	Composition Quality Code					TableExtension NewFieldSalesLines - Field Composition Quality Code - Property Caption	New translation.		
TableExtension 1376792101 - Field 1527594213 - Property 2879900210	Vendor No.					TableExtension NewFieldSalesLines - Field Vendor No. - Property Caption	New translation.		
TableExtension 3637472826 - Field 1313362814 - Property 2879900210	Incident Nos.					TableExtension NewFieldSalesReceivablesSetup - Field Incident Nos. - Property Caption	New translation.		
TableExtension 4255529250 - Field 1608463932 - Property 2879900210	Composition Quality Code					TableExtension NewFieldSalesShipment - Field Composition Quality Code - Property Caption	New translation.		
TableExtension 3114142837 - Field 2070365044 - Property 2879900210	Departament Code					TableExtension NewFieldSegmentLine - Field Departament Code - Property Caption	New translation.		
TableExtension 3114142837 - Field 1007358516 - Property 2879900210	Description Incident					TableExtension NewFieldSegmentLine - Field Description Incident - Property Caption	New translation.		
TableExtension 3114142837 - Field 3337557211 - Property 2879900210	Nº Interaccion					TableExtension NewFieldSegmentLine - Field Incident No. - Property Caption	New translation.		
TableExtension 3114142837 - Field 4286075827 - Property 2879900210	Proposed solution					TableExtension NewFieldSegmentLine - Field Proposed solution - Property Caption	New translation.		
TableExtension 3114142837 - Field 3081911211 - Property 2879900210	Responsible Code					TableExtension NewFieldSegmentLine - Field Responsible Code - Property Caption	New translation.		
TableExtension 3114142837 - Field 2107171397 - Property 2879900210	Responsible Name					TableExtension NewFieldSegmentLine - Field Responsible Name - Property Caption	New translation.		
TableExtension 3114142837 - Field 513339096 - Property 2879900210	Status					TableExtension NewFieldSegmentLine - Field Status - Property Caption	New translation.		
TableExtension 3114142837 - Field 513339096 - Property 62802879	Open,Resolved,Unresolved,Cancelled					TableExtension NewFieldSegmentLine - Field Status - Property OptionCaption	New translation.		
Enum 4251398947 - EnumValue 4259830144 - Property 2879900210	Open					Enum CompositionQualityStatus - EnumValue Open - Property Caption	New translation.		
Enum 4251398947 - EnumValue 1487485508 - Property 2879900210	Pending Approval					Enum CompositionQualityStatus - EnumValue Pending Approval - Property Caption	New translation.		
Enum 4251398947 - EnumValue 4020758431 - Property 2879900210	Released					Enum CompositionQualityStatus - EnumValue Released - Property Caption	New translation.		
Enum 1251542347 - EnumValue 346708723 - Property 2879900210	Accepted					Enum Quality Status - EnumValue Accepted - Property Caption	New translation.		
Enum 1251542347 - EnumValue 1923900382 - Property 2879900210	Inside the range					Enum Quality Status - EnumValue Inside the range - Property Caption	New translation.		
Enum 1251542347 - EnumValue 3017111788 - Property 2879900210	Out of range					Enum Quality Status - EnumValue Out of range - Property Caption	New translation.		